id,product,picture,text,alt
,1,/img/product/MP-1.jpg,Musim Panas produktbild.,En produktbild.
,2,/img/product/MP-2.jpg,Musim Panas produktbild.,En produktbild.
,3,/img/product/MP-3.jpg,Musim Panas produktbild.,En produktbild.
,4,/img/product/MP-4.jpg,Musim Panas produktbild.,En produktbild.
,5,/img/product/MP-5.jpg,Musim Panas produktbild.,En produktbild.
,6,/img/product/MP-6.jpg,Musim Panas produktbild.,En produktbild.
,7,/img/product/MP-7.jpg,Musim Panas produktbild.,En produktbild.
,8,/img/product/MP-8.jpg,Musim Panas produktbild.,En produktbild.
,9,/img/product/MP-9.jpg,Musim Panas produktbild.,En produktbild.
,10,/img/product/MP-10.jpg,Musim Panas produktbild.,En produktbild.
,11,/img/product/MP-11.jpg,Musim Panas produktbild.,En produktbild.
,12,/img/product/MP-12.jpg,Musim Panas produktbild.,En produktbild.
,13,/img/product/MP-13.jpg,Musim Panas produktbild.,En produktbild.
,14,/img/product/MP-14.jpg,Musim Panas produktbild.,En produktbild.
,15,/img/product/MP-15.jpg,Musim Panas produktbild.,En produktbild.
,16,/img/product/MP-16.jpg,Musim Panas produktbild.,En produktbild.
,17,/img/product/MP-17.jpg,Musim Panas produktbild.,En produktbild.
,18,/img/product/MP-18.jpg,Musim Panas produktbild.,En produktbild.
,19,/img/product/MP-19.jpg,Musim Panas produktbild.,En produktbild.
,20,/img/product/MP-20.jpg,Musim Panas produktbild.,En produktbild.
,21,/img/product/MP-21.jpg,Musim Panas produktbild.,En produktbild.
,22,/img/product/MP-22.jpg,Musim Panas produktbild.,En produktbild.
,23,/img/product/MP-23.jpg,Musim Panas produktbild.,En produktbild.